old	new
86379b06b23e143452c87f8de8b8a96a45e91dc9	86379b06b23e143452c87f8de8b8a96a45e91dc9
af4cc4dff5ea1e3b665d53500b6f89a7a2c4535c	af4cc4dff5ea1e3b665d53500b6f89a7a2c4535c
19877fab51b6eb9fe36d02d1abd64adf7012a57a	19877fab51b6eb9fe36d02d1abd64adf7012a57a
9842063e6cae1cd3341268e1da7887edb976529d	9842063e6cae1cd3341268e1da7887edb976529d
20e70b503c5940eecc6bca73e8224f2c6afc2c91	20e70b503c5940eecc6bca73e8224f2c6afc2c91
cd2895291c8744f55c41a4282b193df5a1be5608	cd2895291c8744f55c41a4282b193df5a1be5608
6d7d5712d3b23b37993685e61d3237ba2e44c368	6d7d5712d3b23b37993685e61d3237ba2e44c368
2b00af5e513ca1f7bf11a9eb3f97eaf3a4b74936	2b00af5e513ca1f7bf11a9eb3f97eaf3a4b74936
01a5b24e65c4956f68a43cc44622522c3f17ad29	01a5b24e65c4956f68a43cc44622522c3f17ad29
dfef6adea684e2e6b7b6e3b0cdfea29a5f116d53	dfef6adea684e2e6b7b6e3b0cdfea29a5f116d53
8c76115d5401a88b856191c13a75ee1c8f67e6d3	8c76115d5401a88b856191c13a75ee1c8f67e6d3
6c962ba742b7066ab35bcfa779200172333936f2	6c962ba742b7066ab35bcfa779200172333936f2
9194f76c1cb27a2ad8a4da33f898d8fa27db34a2	9194f76c1cb27a2ad8a4da33f898d8fa27db34a2
5dd7c9d573f4c2fe5234833be753ae9457021d65	5dd7c9d573f4c2fe5234833be753ae9457021d65
cad7974dfa8427dd79cf45d6aacc7fdf8755de7c	cad7974dfa8427dd79cf45d6aacc7fdf8755de7c
80ae97cbb8c1c21d0c009fcfe1de3798341d94f6	80ae97cbb8c1c21d0c009fcfe1de3798341d94f6
0c4b530a58f3d367d8b937713aad1933605905bc	0c4b530a58f3d367d8b937713aad1933605905bc
68a20a8ae86c7b73ca588f82e7c71ee1e5af3dc0	68a20a8ae86c7b73ca588f82e7c71ee1e5af3dc0
0c966302bfa3d122f80e862ca04a3b00f1a1a763	0c966302bfa3d122f80e862ca04a3b00f1a1a763
ef9b82ea4001eeef332268b73cd5dcb02ead3cd4	ef9b82ea4001eeef332268b73cd5dcb02ead3cd4
ffb61ffdb9e2f1709bf3bfed273c066945015f0c	ffb61ffdb9e2f1709bf3bfed273c066945015f0c
ff0cc8659ac65341b5539ae5cfc5bcc8487e9918	ff0cc8659ac65341b5539ae5cfc5bcc8487e9918
48d32143dce81200d7326c167bff8813c417129d	48d32143dce81200d7326c167bff8813c417129d
7ad174010c0634596c1aef163cc2a271c0b0405b	7ad174010c0634596c1aef163cc2a271c0b0405b
0043980468be729093980e14a61ecee621701074	0043980468be729093980e14a61ecee621701074
07a4406b1ebdcedcf3810149ab9bbdec4443e9d0	07a4406b1ebdcedcf3810149ab9bbdec4443e9d0
6d49e73908a9fdad6181ba760c450e3ab201ed0f	6d49e73908a9fdad6181ba760c450e3ab201ed0f
6edcdb7dd2d45f3510c0d8b98c67be8f5ca99fcf	6edcdb7dd2d45f3510c0d8b98c67be8f5ca99fcf
fed57ae8f9c9fc87646182e5766393a79fa8f272	fed57ae8f9c9fc87646182e5766393a79fa8f272
90ba2d2e71b33e679b7cf62543e91275c0eac3f2	90ba2d2e71b33e679b7cf62543e91275c0eac3f2
f2034f1bcc231822943e3cb0c99a06dbbfe44ff3	f2034f1bcc231822943e3cb0c99a06dbbfe44ff3
b0b0eb6f9e3831a3be7e16dcae4370a35990b436	b0b0eb6f9e3831a3be7e16dcae4370a35990b436
691e5fcbaf0fa28dbac01e697e9c78d87e00c5d2	691e5fcbaf0fa28dbac01e697e9c78d87e00c5d2
5a47ab2da3814a9da3d36fc88028f3f51fc3005b	5a47ab2da3814a9da3d36fc88028f3f51fc3005b
5d918d75c727d48c9cf3a1822dbbe4355882c7c4	5d918d75c727d48c9cf3a1822dbbe4355882c7c4
b3b22fa51de675f49b5d89c251edbee914f6982a	b3b22fa51de675f49b5d89c251edbee914f6982a
4a23dd3aa11ac5b534420a9651057c77934dde7b	4a23dd3aa11ac5b534420a9651057c77934dde7b
ef45447f3e4b52d6e9f73aa85b9cb50c8bcb2a6c	ef45447f3e4b52d6e9f73aa85b9cb50c8bcb2a6c
bd36812bb6a230284cbd811e8e5f33b91f206e2d	bd36812bb6a230284cbd811e8e5f33b91f206e2d
ee53df3407b0230595c95c632b315fe6ac3e8055	ee53df3407b0230595c95c632b315fe6ac3e8055
8d5c5d49670191b25e3b92309fedf0f620aab1d0	8d5c5d49670191b25e3b92309fedf0f620aab1d0
5a16ae2080a621e10b079485cb574b61c0d6505c	5a16ae2080a621e10b079485cb574b61c0d6505c
dc9173105406a80b4c90acc759d0974e447c42c6	dc9173105406a80b4c90acc759d0974e447c42c6
94a5b788d607c7ec20068a24c7ab3c10f2a952f2	94a5b788d607c7ec20068a24c7ab3c10f2a952f2
0e07297b8f67a178d7afef0abe4fb5044fae823f	0e07297b8f67a178d7afef0abe4fb5044fae823f
6f521b53d99b8f2c98969257434dc8c33589e70a	6f521b53d99b8f2c98969257434dc8c33589e70a
29f4238fb6a0fe4dac60276a28e64458b98fedbb	29f4238fb6a0fe4dac60276a28e64458b98fedbb
01538ac85add6740ac22bf5889323443bc9decba	446767022f2acc327709064384560ce669bcd351
0d7047a449b4b20a8cc8bf08ad8e8215e8e52fdb	b2402d9f0d6cb60cc054c5d9ea4a7efbb2bc6f08
625f4072e9b7b1f418b74367f82a727d1e61246c	ffc4d49c9e089b0c237191f83f687f15a24fc1d3
4c38d1d37533a85bd0f25db856872895144946b7	dbfd4fee8d89aa408d67c993f60cb218e0a37195
8b35eb0a9ea1e011618045d1b38e98b399f7431f	e0baf04eaf3a89aca44ec01d3e14453f77445f96
c57d2d7de6fd0d1f9d95b11e8362bfb83838415a	4ca3e6d9ee50e8523bc5b8766d47648b152319ed
f51f0e91ef0aa1086d057935f8a660105e3bcb6d	b4ff1e7617b4aefadb73ef649fd33c8577d5657f
1e23a03056f675ac18e4dfb7013240e48112fedd	8fc432df2655adbadba49dfd6a935d56b3954467
b6126a403da7ea55811c332a91cb0fb5158413e9	fe65f7e37f1619391391a8bddec820fdb01156db
22bee3d4427ca269cf4f79bbd6d063a3154c6fdb	63d4c8551db14b6865dfe157bad45060852cdf40
ebce37acf661879587f2179e898187dce6d083e8	a16885cdc9338be8dfdf258e88b947058abb6dfb
951d253978675715c24e748a15f3415f9c3ae73b	2931cd0d5e00c9e3782ee37165d92ba1d3f8db02
f0ee18335293e99f0c24eb6590ae5a9234ce8bd0	54f55b48458ba1d0f7409914d8088164d6c038f9
95841fb326539bee22506d7263b40709228b8263	aead37491e65221cfd1d5b2bb882990dad474a43
babaecf767effb970018728ca5f1797711495655	955b758fa990866c45ecc8568705d7801f2c905f
2e772bc7c31d16dee51c38ad3d140ad98fd7d060	7cfb7899321aab6ecf26864c30c475c19f8d451b
bcdaa1515811e889916794e0f0d4719ad652b065	7e907cf8270f0c8cf978628b20d1235cf955318f
05ef27ccd20efcda34d7963a01519007eebf6853	b36d0822f113cba793ff1816b33076045840fee9
47433e255dcdbec4a9fe1de02c6a477ee75368ab	e9e12a6abfeea8843978e04a3a1cc8e7ff404cf5
19aa123a0fdc3647aee95a60d526663a73d41b8c	f3fa436c4b9389ab00ec6e67f6b4bc3b36ce423e
e75fd1c0b77cbb8fc8094cffb33708cc5fed774a	03903ddb9692a9bef0728e3265e156c1fa7ee7b1
a8051909571bea2b35dd0cdd9e56a9877ad60f44	14ca54be35bc662847b78b1a6ab42d313d977423
b6017d923526abde2b5b1180928b5f739451b568	8af3226188da08d05f95db095ca989334f5c9384
17771239c88b9027c3d7c4708ad7bb22b7199460	6f08685cc3b2c47b4dcefbfe856ebf12a6fddc8c
3fb9cfa78a82b0a916ef90def8c113c1c6e873f9	98491fe5566f5255f0d725ba43591adb1da7f5be
880d8f61a0f14f31f6ddb626434d65805f1cf407	7c18e9d9f59cc832c886f9fafddf84f90a7cdd0a
b618520effb266a2888eb39fd27a4e9b1e213028	c849ba74fdfe81dae4784601c7321929bdb1a7e3
86887de44d03991a686a7e44733cf939963836ad	7abd1bdd4ee08e0dc9c1637d25bbec9df43ac65e
20769810cf6408fe1158a04e562ea79039fbb36a	e401a21dd35e1d24a79a37c1718dc01e4b1fd092
8a73ca417ae76dd5ab48502aeb089cb08ada92aa	ff750a9971a47364db7af90cde3ccad8536f2eb6
cf43a6fd8d40d6e657806df5d5d0989e9ccad3e0	c85b6c30011bf4fb819b1f66a6876f46d7111189
c467e849c6e7ae92338460cbcd18a792a81d3b68	1e71e6634b5a959dd55746d0d3d9149fc407cf3e
a4551046298b866aa34ee8717ec629176a3721af	a57140274fc4db9cca0d30fb83b900da3331dcbd
f86ac8ccb946501d82f31d15e1424f69f2352a61	f65712bdbc23cf345a6d6e897d7461ff43c2235a
d9adeeeac96d464492b64562fa784be0689a17ca	659b31858b32435b86db8ed8ea83bdeda30f5dde
0cd4ccec022d7e0b672e1634676da69b243c4407	b9ed917ccc41521cf4cc77e635672d62c8a88271
6e6c813d7c24f562014668f6d198b5eae547b73d	ea605b05474e1151cab528ca0279dd19a63f32cd
edf76a72fecf7d88906edb0879545ab3c1b613a1	e7e3e832ae093179463bb7529bf971d02eb3fb46
f0c9171a3ee7ebdc3f5699707d239ccbb2b6d797	dc56e64745aca72bd9e53e7355a76d2de3367047
3e0c90ac1750686359b0761ebf96f08cb0d1f63f	6401eb8fac655cd9d4133958e965a4d4b6d5a657
2e63fc178bb278eb6604e1c1bb391db8e1334a26	c5725139f26166ceb757722ebed9f5b6df97e599
f0eea08285a3616535ebe50ac7fc23aed6ed13a8	a82b91bfd7484c684bca2d473e01bebd440c9135
9ae9d76c7f01972f0578f72d9f5c178bf5f38a3b	d8842be4c73851d3629d0806b177dee85f787dcf
4ba23558f3cccbe4d9ab34d40445c033de218912	7224bf09e0b77c8fd7cb4f00bb0128a7058eeb34
f8a6160ebfc7bf30bac5f580306f38ec17103d79	7599fc1393a12d6591ca55daa8a2d499d4beac15
e5c8f7b7568badeb65a64a01a1f5c72eeb79de77	3be49dcd00b16e2b7794165ca416f63ebb2ca29f
066d63a61fd4d900c23faec04568f1b0a8bd2655	59e98f0372effc597a5911cd175aa201779e1105
573bec7c607aa7217668a3adf890342b255476a5	5ee412cf10e37df97fabc118d9088b311bd90594
9f2eaa424126e9caaeb860f7ad7fad1a2162f7a0	6d7f00da86a07870b4b0db24269a486b61f51da0
9bb06e2e09341ca19d57b6c025a7fbacb5aa830f	caeb96c5c481f339eecfc5c2d23efff77d7fe65c
03f06b5c8947e4bfef449f8f6ffb0f98e7b26133	782dd150bce390d53f7741d0978b57b3e41e5c41
87f75ac2476d790b99f301a4e98dffe1fc7ed486	1793441635d0a397166b1ca8dc5e9520bbe52427
80f78783f6212752d2a55fff1d59e69c348c0588	91c52ff8df08016a3002465db2ee3d36861d2249
d5ead1a676844548376643ebbc681ba140a1d32a	586aa6d21d4b27d8eb55dc39562b88b6fec5c39e
543c9040521c2eae6dcf175d22acfe6cc91d5bb5	db350cf63ce8bbbd5acf38b4f9ceb37903f9eba6
249abea1e7e07c2108ddd644ed841621a6e927d4	e3b134f40fd51933ff35bc24eebf09230e4071eb
3a7bc5ad1177eda4b331dcb50797f2342d554a60	89de9c4eca4925f0f80b07d395eb13a8d4e90ccc
122fb2c8540ad6ae915fd34a50ff04d9afee114a	d1e5b2e64b30e7afa8a01180b8eb105a2a7735b5
b28af602fd230f047fb7e8d10a56d695cbf542b2	ddc7418f68b47a833258100e5d0dc3e5315dfde7
052dab90b9ce2babb5d5f789b01dce0641ef4939	141308121caa98a3dafab0645ba195fc7eb30be9
f5d2edd17abff20b3672842ec833084a7cc913a4	a3e01efa8372cf44141b88d886afe5463bc67901
68b5ff351a9954c59ed09be15e0199c6509b7102	0dd4b6a1d6c8ecf2560b74c208f7cee7ea89b002
e588ccc07705d98d5b901cd03e54cd3bc0005f25	6cd892cd3fd43441ddd54e55b8d3490baf437c49
843df1691114999b1772d40895a07db741f12379	72eda7a444a2a7b1ddaedc34d458df2e75c9709a
1a2b9205faf6a0f3b5df00c1b85c394f7b04ae3d	35e38cdacaba8053e3e0ab7d23d6b6a8985cee58
b73918409021013186da5be5165d2cb7802310e5	bf3b7394cbdfc4a1fd4ff920867ef30878310ba4
7f172b9bd62b80c769e6c802afbf8216c3d02265	66f9842fd87d59c4d5f53e706f860b833fdfebaa
e5831b9b417f0df4784b71330d6ab1988f4016f5	c1cccfc48503b55aca829292a2193d49a5e79223
efcb86bd198bd0b34175e344437316d95f9458ac	42bbde0d5edccd3cdd5ae8f8688213797705f312
ca1c2521d48107ea1c78d99d1c6294dd2bf78b74	ef64455b47f657e70b6644b985d05d566d97ee17
e6cb80836d8a699d3f5746d05e6fc87dc5df78db	9e5d73584255fcd3a5810b2761b40ae6bc296b07
38b6cd31cea85243a6b3aea937ea4f5206cfc700	7f3793be3aab190ce251a8890253f680ad3d3dab
f37c14de70c97c8f18ef8b3cea5c9cac431e9975	da35f8509db8bd5168db983ac4e9c7f5aa8ee476
90e96430da729efa2354de9797f3cffa93619c3b	4623db27648a1a82c21eff900b809bab22c0c764
e8558e08a614f5ef02621b311db2aec95e1d45c0	521f9599c81d774f52fcd0d697347384a055a366
a0a0c9d18c6e4c68d371157708c462bc6ddd1b2d	6996e630395aa47175ee45821d39c3b1b08a4e23
848c22f5c47e2ff9b2385dfadb148c6d65b46998	39c63ec5ee0ecf6436d13d9e680c8cea3b1cd287
42e3f4e4fc34b1c9f732ff46c53ca06781eeeb15	b55ef2433a76d4138170d77a4f08fc1f9a6bcd4f
89f132e5c20d5deb6b8153644d8d0a33c957c935	c2fdded409ebb6e2c52ac3a6989e98124593c521
34ab17c85c3af2efc48f08b60def39ba02970a57	f0e636b13a5177958bc13652733156853fae9ad9
6a62d53af4c37efe0f744a018ab68f39ff7ea6b6	77befab3c7ce3a0b12464d24e4b7a17c671ce69a
664f0d354c8d178f3fb17fb0057e29e26de090e3	c72a5a224a1c919c4f990a148e805ed34706e27b
f0c00f664bd216cf4a15b0665cfca5908e155564	2fadeee466fec44d720deba26fc3b5984f66f488
bed66cb6fc87d623133c679f9f06b8badc07ba3f	ead9101d260a891b8cee74e0978b59fc3e2544c9
d128bdcf94fe95e8e769bf89019b096fb4f747f7	e77b3ea2f4d5658621df1e99a64f93cc49300668
c1d5f9ebff507ff17ed3b707ce7081f1a9650f69	af076d49f7bd6ad3a4e9fefda6c4de49a9c5b6f9
6d11f8dd9a961f69163f3f25cb6cd28fff2e303d	a97b6c5f8f18166cb2a78c5df7d6f96d595e30ca
1b293dce6a5e37b0bb9414c6eb9ff87b9e4abe32	2766decbfd3503b898c0ef6bfecf35566195b1d7
e73f5c4400ec59a360a6c5194c894dbc3c02c956	944d3732d58de45aa49ab3bbcab25634827708a9
fd5d4b16a8ced261d03bb23e125a8ac8bc7ce8fa	37025e04306299a411925eb344a2e643a77168ed
ca5a413e2402a5412e541c848ab8d9f13fd6cb68	2cc7e5f73eb02b84209d161aa4ee1badb8076af0
1fc58c420d3e8dda116cd27bd83dd243c26871f8	4a52713e87d3c10aea871f3486e136c587f9ae9c
576aeb6122f369edc055a6d1f213de5434ecf5f2	2e991b55ef56bb23837110ee2e049abf20f71be1
2abf20e109187e79b0adeb17b885177f32a323d3	94f91d4f7d4fa9c28e566cb6a3dc72f57bf1735d
0af54f6c4bb8bc9fb0d13903fbc50e3bda1267de	7ebaaf5c38724582d6e880466fbbad554bae95a2
a1bc116fa894cbf381a99565a31ca0fd4e1fb6b4	08cf2e4da55ce7cb2783fa0dfe9475b895fde7b0
bd3826620c191302eba109c7896474e842136885	4a33f39ffc55a52220c874cc6bed443d5b94a7b3
1fb551393f2776627267a9658f116490989f488e	e6d59fc659b76aec168184da9d70830b44dc7304
4390fe8c9d131e14399dc42a8b0e82eca7166eea	b7d293ad5b4bca205c576b7e6b9a17aa5e56d12b
9565014b9e21dc23f428931efc858d4af4a82c43	b8659268d1503252b7cc7fb6e16a94bf53e6fbf7
bbbb14d02ccdaeeb1e814094051928ff67c77df9	7bbddb4b41280e0b7fc670e5e39b675f1d8af2b7
e55ab847f3fc4a60842274d50b17bc5e21c07653	361e50631159135abec8dbcb675989dd52a8996a
5cac8d9a78a7ce8dcd829b464d6d60705ef8d9db	76a65eed1867c5d3ab7c4ce89a1e740f4e93a4ec
a467614131a67e2a62d12ecfcf65b68d9b277a7e	ed3320d5bf2f8c84fec775974685532cd98f82ba
f56a728d0bba5c8386712a96dbc7f90180da2db4	b750d6e53eecce3311f0b66ee83620eb5103cf3b
2aeada324ead31ddfd2d84b5fbdc67c2860e9d86	b91d6625405ba5d9db3160801ee19cea56aca73b
cce928c5fd985ed71421779cc61c0066cf948d5a	3f13cdb438b095cad042c02a88f773cdc6fb7462
223612e0c5244f15281757fc5753c0e4805eb06c	9710dc67d3bf2b4b3419044e93e865033efb817a
016f5a4e988bf0aa5dea376d4ef12d7f3baaf740	b4df305c44a32b54c03108b813aef7cc916182d1
c8bf05681a983c88176792a9375acd9916c74fde	fb0f10395977ba4b329d6b32677c8c1c23f3732c
1657ee249a8f9e510a8ae326c01ea034b3684591	fcfa1770a2ec005acaca41c50a00054d13395190
92c6ea83cd1c85b43e17083895d46c69dd508bbd	cdad5672d61afa60f812097558cbb51ee200d7cd
867b0b459de8ecaf0cefc511a84071aa8f8634f7	fd890b2d7983f0e9617ae359648de1890bd6408f
3018ae17f9530ce2dea59ebbbbe852ba246203c7	b52fc882389eae8ed9ef400ca7344172cd5a47ca
e7ce529ec1b7867c8ca55390fe6274c17041cd61	bf8888f30e40e9afb0bb9e89c2f12ca28778945e
5b2d26cd4d32fb5fade93a0a5750655192538ce2	3ac0ace93a23f96444aaecaf13fb6689d42aecd5
288add458bc00c972a605799086f10e09c9661d9	bab2f84dacab1b9ef3cbfd552283622702e5c8da
a8de2b182f115adafadf6f4e2f7a4e5b8b198a4a	3e01d2836521b5cadba6aafd799e5cc5c18ce9e2
1c01f69f269f3820bf00151825fb62c2e073bfbd	c4cbb920e72898a0080462ff2d586ae3f8cc9049
c3c27b9c803875907fa4adee756fd6f038520b3a	ee4b15bebdd6722954f43ae5c95d9cd7d16de024
e04d68335e12c56ba3940f8e8b5263dcc231d579	e86439c67fd793771e12317e385909f5f3a84fd6
0152e1ab0946126288eecdb91c0597891fc52bf4	08771a8ca8fa6e95261879f40510f96151abaf1c
2eba2bff9827db7e591f8f7fefcb2ce5a4143c5d	f469204480e0f68d8f5e7f662c628a10bac451b0
87269d7d87477f761965f0ff7192ef9bbd7b36ad	a22964cb52c47ea18406c6a4773010caf7f89eaa
7c6d88ed5e5a25d3bf73e7dc8636c4f191ede534	3cac9e4767d5765dea4274a269efe38b91854afc
e87d84936a8f2cf10810c93e282199ebbe28b94d	2a7087c6acc1f2eb902c75490ddd532fa6115301
5c4a6251d98cbd4b072f9430fc603ec230c324b4	c167cc68da1a0f6aa7d6e13adc378fc197405c9a
0860ef6198a57e097f733fefa1d812f1f67f44f6	38aeefce0676d7f736a3728ed96d1ab2fd16f59b
d06b0d92ff4d30b243b6d76e808fda1f4a876346	274ac537e871a045591944f4e68113673ac1fe9d
d549097a50bc007470091202e3e6967850fc2180	74b4c735890678d03e4d240db82b482071dc84d6
3907e32bd2aa880892fc12b0bc00bbc2c032f921	370dd9338b3d2581c0d14542ee580d3a4ff5a26d
a8ba7bc7bbda1c6cdf1f968f682b4e2d95e64553	3b1a07450a4570bf36fd534d46b995dd87ffa2dc
7dd73c61fd5d198118bb99686981ff7612013fbd	54a90f5e327d23edd803a17432e85f6ac0843e57
3e16e26a9611f707657bd54ab147eae2e3bcd074	28434bc0ce002f7ccaf3d0d715f4a5f5fe78f870
8e56b0f93d5ab2a6b92b23f06f48bfb11285e8b1	83c563509e9512beb63ac65ce7731b59eb566bf4
894f4785f8f7ece2030bb85850c93a775004a1ad	0ed5a03fb2971182fe5c83992036183e7ae60b21
e50af7b9ba22e10f06267113335da9fe71aa28dc	16a02035713a90281f5a767ff30f1f3e42f60b71
e6b6c4515c8292d4d54ae135c64db9956a8cbc48	103e54ccdf15c53b80324a2052cc20f322280e25
b370d7184173d445bd45f11b08e301cb76f7f8bc	75e16e5f10771dfbec8445abe638793bdf7301b2
25922eba44df364362e8eb9beb5586cf4aa66737	27bcd290d744beff982d4f86e8f4008910d57976
13720627d2f58d4ffaa6caf2d5d01a29ca5c68e4	61d10b1e12b978c82cb899a37064718b6f10aca8
783efb9351aa220e17abc458873a9a7aac415fbd	bdb61cceafceb13c7a495917259961fc885fd87c
2bc86bbd785a3e84cccd1ec0313e4329cb2fce79	1d13b9a666ff8e1ac9a3f0f317cc4c8e781ef7ac
a25fea720d43836a47b2eaca9044f2636a8f29c1	de4c55993b4b380f8b49039e6ca367e8a04ae163
154b4cd6fd7a7709236216db28948f20539fb954	8edf46dcbf0e07cc3da40e487c5d5a53cdc6660e
c61e05d4992d6cb68c7c16fc986eeb84dda74c5f	6c6e6735502bd9999ae0641b2be18496eed61914
7c7b62eb226a91e58addae1ac3050f4c14925bf4	7c607263e2a5215dbbb57a3b382f0d1004c70499
11ac3f65fff1b88604c43e60e8365bed07145527	984f02f7d2c24fea27f0e1b1023cb2bf55045b7f
58eb3d342e2247bfe02b9bd9028919753a37726c	78cfb4ac6e86ab9ce9e3cff3cd1399fbdcdd3ce7
30fcd76ecf4cff7ea9b6bb2ac613f35105b77675	96e1b1cf07ce52673c21f0190e27b6efaf1529f0
552aa77210ad4674e8f9b5af64e0901f1bfc0dcd	ad93bc36e8f51c8984cdd689a88f8be3bc8a9f9c
e81a2066e3c85fedcc7f069ca179ce4809b4d66f	4c722e1f14a9a64c562a9c3b3d19e9dc8a9b0be2
847dbd849125ab5f90b293b58efe116117c82f21	53cdfee2079e4af73162b89e49e92860f276e0bd
ce3d03d4f84ff695cbf52bf506ba07dfe4d31ba6	ca729c47510e137a1361be49d1c6c0c1fc992e42
1065f8d99b0a39eb15b762afd3b560fb00144ea2	d3fa7dcc810d3e3eb1bd34290b5a200605e125bd
fdb4fbeb361e6244300b999ed1fdaeaef1fb1599	f7102a1b0861a1fbfc855b3c3caf88d15e8dbcd9
